Date,Ticker,Type,Quantity,Price per share,Total Amount,Currency,FX Rate
2021-11-10T19:28:21.805828Z,,CASH TOP-UP,,,USD 1290.48,USD,0.0456
2021-11-10T19:31:13.800267Z,,CASH TOP-UP,,,USD 710,USD,0.0456
2021-11-10T19:36:16.785860Z,,CASH TOP-UP,,,USD 2000,USD,0.0457
2021-11-10T19:38:19.478281Z,PLTR,BUY - MARKET,44,USD 22.36,USD 986.26,USD,0.0456
2021-11-10T19:40:09.742339Z,,CASH TOP-UP,,,USD 150,USD,0.0457
2021-11-10T19:40:39.823027Z,PATH,BUY - MARKET,20,USD 55.16,USD 1105.94,USD,0.0456
2021-11-10T19:56:28.371425Z,,CASH TOP-UP,,,USD 1000,USD,0.0456
2021-11-10T19:57:33.612229Z,VALE,BUY - MARKET,83,USD 11.98,USD 996.75,USD,0.0456
2021-11-10T20:28:12.658572Z,,CASH TOP-UP,,,USD 200,USD,0.0456
2021-11-10T20:28:30.475111Z,TSLA,BUY - MARKET,2,USD 1064.74,USD 2134.81,USD,0.0456
2021-11-10T20:46:38.034590Z,PATH,BUY - MARKET,2,USD 55.71,USD 112.69,USD,0.0456
2021-11-10T20:47:00.577362Z,VALE,BUY - MARKET,1,USD 11.98,USD 13.25,USD,0.0456
2021-11-18T10:09:52.432449Z,,CASH TOP-UP,,,USD 1130,USD,0.0450
2021-11-18T12:13:57.016102Z,,CASH WITHDRAWAL,,,USD -300,USD,0.0451
2021-11-18T12:33:32.846647Z,,CASH WITHDRAWAL,,,USD -700,USD,0.0450
2021-11-18T20:36:55.370228Z,,CASH TOP-UP,,,USD 1.24,USD,0.0450
2021-11-18T20:37:12.177440Z,,CASH TOP-UP,,,USD 5,USD,0.0450
2021-11-18T20:54:13.434408Z,PLTR,BUY - MARKET,6,USD 21.48,USD 130.10,USD,0.0450
2021-11-22T15:08:04.115823Z,VALE,SELL - MARKET,84,USD 12.15,USD 1020.66,USD,0.0443
2021-11-22T15:48:33.799476Z,PATH,BUY - MARKET,18,USD 50.59,USD 912.88,USD,0.0443
2021-11-24T07:30:49.014756Z,,CASH WITHDRAWAL,,,USD -114.70,USD,0.0442
2021-12-02T05:12:28.278251Z,,CUSTODY FEE,,,USD -0.53,USD,0.0445
2021-12-06T09:18:00.299044Z,,CASH TOP-UP,,,USD 0.53,USD,0.0446
2021-12-10T15:28:50.594245Z,,CASH TOP-UP,,,USD 458.49,USD,0.0447
2021-12-10T15:29:14.352105Z,TSLA,BUY - MARKET,0.45804616,USD 998.24,USD 458.48,USD,0.0447
2021-12-27T09:39:03.176288Z,,CASH TOP-UP,,,USD 1125.46,USD,0.0452
2021-12-28T15:14:40.352938Z,PLTR,BUY - MARKET,56,USD 18.91,USD 1058.90,USD,0.0454
2022-01-04T10:04:17.244205Z,,CUSTODY FEE,,,USD -0.63,USD,0.0457
2022-02-02T12:20:42.263056Z,,CUSTODY FEE,,,USD -0.52,USD,0.0467
2022-02-07T13:06:28.218904Z,,CASH TOP-UP,,,USD 700,USD,0.0474
2022-02-07T14:30:08.701509Z,TSLA,BUY - MARKET,0.81170588,USD 923.98,USD 750,USD,0.0472
2022-03-02T06:11:10.796062Z,,CUSTODY FEE,,,USD -0.55,USD,0.0438
2022-04-02T03:25:20.627510Z,,CUSTODY FEE,,,USD -0.58,USD,0.0455
2022-04-26T21:35:03.991584Z,,CASH TOP-UP,,,USD 656,USD,0.0434
2022-04-27T13:31:44.472887Z,TSLA,BUY - MARKET,0.7489162,USD 895,USD 670.28,USD,0.0431
2022-04-28T13:34:04.123598Z,,CASH TOP-UP,,,USD 425,USD,0.0429
2022-04-28T13:35:16.893543Z,PLTR,BUY - MARKET,39.13758079,USD 10.83,USD 425,USD,0.0429
2022-05-03T04:04:39.694942Z,,CUSTODY FEE,,,USD -0.57,USD,0.0427
2022-05-03T14:10:34.237521Z,,CASH TOP-UP,,,USD 0.57,USD,0.0428
2022-05-03T14:12:37.554535Z,,CASH TOP-UP,,,USD 60,USD,0.0428
2022-05-03T14:13:50.050589Z,PLTR,BUY - MARKET,5,USD 10.78,USD 55.08,USD,0.0428
2022-05-13T10:11:06.054401Z,,CASH TOP-UP,,,USD 418,USD,0.0420
2022-05-13T13:31:50.125631Z,TSLA,BUY - MARKET,0.54489076,USD 773.99,USD 422.91,USD,0.0420
2022-06-02T05:00:58.400832Z,,CUSTODY FEE,,,USD -0.54,USD,0.0432
2022-06-02T15:17:00.036977Z,,CASH TOP-UP,,,USD 0.54,USD,0.0436
2022-06-02T15:19:57.757922Z,,CASH TOP-UP,,,USD 523.82,USD,0.0435
2022-06-02T15:20:40.431501Z,PLTR,BUY - MARKET,30,USD 9.20,USD 275.96,USD,0.0436
2022-06-02T15:21:25.910654Z,TSLA,BUY - MARKET,0.31482772,USD 774.36,USD 245,USD,0.0436
2022-07-02T09:58:16.953827Z,,CUSTODY FEE,,,USD -0.56,USD,0.0422
2022-08-02T13:22:06.486714Z,,CUSTODY FEE,,,USD -0.69,USD,0.0415
2022-08-25T08:29:40.432606Z,TSLA,STOCK SPLIT,9.75677344,,USD 0,USD,0.0406
2022-09-03T11:25:40.443487Z,,CUSTODY FEE,,,USD -0.61,USD,0.0407
2022-10-04T04:14:20.145773Z,,CUSTODY FEE,,,USD -0.59,USD,0.0402
2022-11-02T09:28:32.868537Z,,CUSTODY FEE,,,USD -0.54,USD,0.0405
2022-11-07T19:25:54.974438Z,,CASH TOP-UP,,,USD 0.13,USD,0.0414
2022-11-07T19:27:04.159883Z,,CASH TOP-UP,,,USD 834.83,USD,0.0414
2022-11-07T19:27:43.965714Z,TSLA,BUY - MARKET,3,USD 199.48,USD 598.44,USD,0.0414
2022-11-07T19:28:39.823530Z,PLTR,BUY - MARKET,33.55920114,USD 7.01,USD 236.39,USD,0.0414
2022-12-02T06:41:41.066962Z,,CUSTODY FEE,,,USD -0.55,USD,0.0433
2022-12-09T11:36:45.482867Z,,CASH TOP-UP,,,USD 0.55,USD,0.0435
2022-12-14T15:52:12.363275Z,,CASH TOP-UP,,,USD 4850,USD,0.0440
2022-12-14T15:53:17.397275Z,TSLA,BUY - MARKET,18.15652672,USD 156.97,USD 2850,USD,0.0440
2022-12-14T15:53:40.377651Z,PLTR,BUY - MARKET,131.27763157,USD 7.60,USD 1000,USD,0.0440
2022-12-14T15:54:01.910254Z,PATH,BUY - MARKET,37.25242718,USD 13.39,USD 500,USD,0.0440
2022-12-14T15:56:04.483578Z,GOOGL,BUY - MARKET,5.17385892,USD 96.40,USD 500,USD,0.0440
2023-01-04T09:34:26.284295Z,,CUSTODY FEE,,,USD -0.81,USD,0.0443
2023-01-04T14:26:13.836657Z,,CASH TOP-UP,,,USD 0.81,USD,0.0444
2023-01-09T17:21:58.494Z,,CASH TOP-UP,,,USD 1500,USD,0.0449
2023-01-09T17:22:53.234Z,COIN,BUY - MARKET,12.77190293,USD 39.15,USD 500,USD,0.0449
2023-01-09T17:23:26.557Z,TSLA,BUY - MARKET,8.18175853,USD 121.92,USD 1000,USD,0.0449
2023-01-11T17:12:17.599654Z,,CASH TOP-UP,,,USD 70,USD,0.0448
2023-01-11T17:12:43.095Z,RIVN,BUY - MARKET,3.99245063,USD 17.22,USD 70,USD,0.0448
2023-01-19T21:42:53.595231Z,,CASH TOP-UP,,,USD 100,USD,0.0454
2023-01-20T14:30:26.787Z,RIVN,BUY - MARKET,6.16739537,USD 16.01,USD 100,USD,0.0453
2023-01-31T14:40:37.626Z,COIN,SELL - MARKET,1.76402116,USD 56.70,USD 100,USD,0.0456
2023-02-01T04:23:25.927823Z,,CUSTODY FEE,,,USD -1.24,USD,0.0458
2023-02-01T13:18:42.682130Z,,CASH TOP-UP,,,USD 1.24,USD,0.0459
2023-02-01T14:30:49.335Z,PLTR,BUY - MARKET,12.7888601,USD 7.72,USD 100,USD,0.0459
2023-02-02T14:31:02.118Z,GOOGL,SELL - MARKET,5.17385892,USD 105.80,USD 546.02,USD,0.0461
2023-02-02T14:55:44.776Z,QS,BUY - MARKET,53.56145526,USD 10.17,USD 546,USD,0.0460
2023-02-03T12:07:44.830672Z,,CASH TOP-UP,,,USD 559.60,USD,0.0461
2023-02-03T14:31:01.441Z,QS,BUY - MARKET,38.86162162,USD 9.25,USD 359.62,USD,0.0458
2023-02-03T14:31:09.902Z,RIVN,BUY - MARKET,10.01151151,USD 19.98,USD 200,USD,0.0458
2023-02-07T10:43:07.147509Z,,CASH TOP-UP,,,USD 200,USD,0.0451
2023-02-07T14:30:46.865Z,GOEVQ,BUY - MARKET,183.4678899,USD 1.09,USD 200,USD,0.0450
2023-03-02T08:19:22.042504Z,,CUSTODY FEE,,,USD -1.51,USD,0.0455
2023-03-02T15:03:50.791727Z,,CASH TOP-UP,,,USD 1.51,USD,0.0453
2023-04-04T10:21:07.304186Z,,CUSTODY FEE,,,USD -1.54,USD,0.0468
2023-04-04T15:45:03.582837Z,,CASH TOP-UP,,,USD 500,USD,0.0468
2023-04-04T15:45:35.815Z,QS,BUY - MARKET,63.51022488,USD 7.85,USD 498.46,USD,0.0468
2023-05-02T17:10:16.273513Z,,CUSTODY FEE,,,USD -1.32,USD,0.0467
2023-05-03T15:02:26.324066Z,,CASH TOP-UP,,,USD 500,USD,0.0472
2023-05-03T15:02:55.947Z,PLTR,BUY - MARKET,66.59279038,USD 7.49,USD 498.68,USD,0.0472
2023-06-02T09:12:10.071888Z,,CUSTODY FEE,,,USD -1.87,USD,0.0456
2023-06-02T10:25:46.134424Z,,CASH TOP-UP,,,USD 1.87,USD,0.0456
2023-06-25T13:10:08.926157Z,PATH,TRANSFER FROM REVOLUT TRADING LTD TO REVOLUT SECURITIES EUROPE UAB,77.25242718,,USD 0,USD,0.0462
2023-06-25T13:10:08.929791Z,COIN,TRANSFER FROM REVOLUT TRADING LTD TO REVOLUT SECURITIES EUROPE UAB,11.00788177,,USD 0,USD,0.0462
2023-06-25T13:10:08.932517Z,TSLA,TRANSFER FROM REVOLUT TRADING LTD TO REVOLUT SECURITIES EUROPE UAB,43.97344541,,USD 0,USD,0.0462
2023-06-25T13:10:08.935502Z,QS,TRANSFER FROM REVOLUT TRADING LTD TO REVOLUT SECURITIES EUROPE UAB,155.93330176,,USD 0,USD,0.0462
2023-06-25T13:10:08.939125Z,RIVN,TRANSFER FROM REVOLUT TRADING LTD TO REVOLUT SECURITIES EUROPE UAB,20.17135751,,USD 0,USD,0.0462
2023-06-25T13:10:08.942216Z,PLTR,TRANSFER FROM REVOLUT TRADING LTD TO REVOLUT SECURITIES EUROPE UAB,424.35606398,,USD 0,USD,0.0462
2023-06-25T13:10:08.945120Z,GOEVQ,TRANSFER FROM REVOLUT TRADING LTD TO REVOLUT SECURITIES EUROPE UAB,183.4678899,,USD 0,USD,0.0462
2023-07-01T03:57:55.185584Z,,CUSTODY FEE,,,USD -2.17,USD,0.0460
2023-07-13T07:21:43.471028Z,,CASH TOP-UP,,,USD 200,USD,0.0469
2023-07-13T13:30:23.187Z,ENPH,BUY - MARKET,1.05970952,USD 185.90,USD 197,USD,0.0472
2023-08-01T05:23:20.304491Z,,CUSTODY FEE,,,USD -2.56,USD,0.0461
2023-08-07T08:52:55.240316Z,,CASH TOP-UP,,,USD 1130.15,USD,0.0454
2023-08-07T13:30:01.486Z,ENPH,BUY - MARKET,0.91728571,USD 140,USD 128.42,USD,0.0455
2023-08-07T13:30:24.394Z,PLTR,BUY - MARKET,27.39726027,USD 18.25,USD 500,USD,0.0455
2023-08-07T13:30:56.706Z,TSLA,BUY - MARKET,1.98854597,USD 251.44,USD 500,USD,0.0455
2023-09-01T04:39:08.724236Z,,CUSTODY FEE,,,USD -2.27,USD,0.0452
2023-10-01T07:21:34.700869Z,,CUSTODY FEE,,,USD -2.27,USD,0.0434
2023-11-02T07:22:27.365946Z,,CUSTODY FEE,,,USD -1.93,USD,0.0431
2023-11-08T16:37:19.923981Z,,CASH TOP-UP,,,USD 500,USD,0.0436
2023-11-08T16:37:54.067Z,ENPH,BUY - MARKET,3.18930986,USD 78.39,USD 250,USD,0.0436
2023-11-08T16:38:34.085Z,ETSY,BUY - MARKET,3.81783978,USD 63.79,USD 243.53,USD,0.0436
2023-12-01T09:21:23.192945Z,,CUSTODY FEE,,,USD -2.52,USD,0.0449
2023-12-16T20:09:55.456025Z,,CASH TOP-UP,,,USD 2.10,USD,0.0446
2023-12-21T07:50:07.673283Z,,CASH TOP-UP,,,USD 100,USD,0.0449
2023-12-21T14:30:13.915Z,ACHR,BUY - MARKET,15.68188976,USD 6.35,USD 99.58,USD,0.0449
2024-01-01T06:37:01.968370Z,,CUSTODY FEE,,,USD -2.57,USD,0.0449
2024-01-03T15:50:27.087870Z,,CASH TOP-UP,,,USD 2.57,USD,0.0444
2024-01-03T15:51:56.281145Z,,CASH TOP-UP,,,USD 700,USD,0.0443
2024-01-03T15:52:31.633Z,TSLA,BUY - MARKET,1.04480106,USD 239.28,USD 250,USD,0.0444
2024-01-03T15:52:51.096Z,PLTR,BUY - MARKET,15.48111455,USD 16.15,USD 250,USD,0.0444
2024-01-03T15:53:36.612Z,CRSP,BUY - MARKET,2.36593059,USD 63.40,USD 150,USD,0.0444
2024-01-03T15:53:58.101Z,ACHR,BUY - MARKET,8.78910369,USD 5.69,USD 50,USD,0.0444
2024-02-02T17:05:02.910206Z,,CASH TOP-UP,,,USD 906.33,USD,0.0434
2024-02-02T17:06:01.188Z,TSLA,BUY - MARKET,2.18400218,USD 183.15,USD 400,USD,0.0434
2024-02-02T17:06:19.364Z,PLTR,BUY - MARKET,24.01140456,USD 16.66,USD 400,USD,0.0434
2024-02-02T17:07:16.647Z,CRSP,BUY - MARKET,1.66270523,USD 63.95,USD 106.33,USD,0.0434
2024-02-03T05:14:24.583330Z,,CUSTODY FEE,,,USD -2.20,USD,0.0434
2024-02-10T11:53:55.204899Z,,CASH TOP-UP,,,USD 2.20,USD,0.0429
2024-03-08T12:12:46.965300Z,GOEVQ,STOCK SPLIT,-175.49102512,,USD 0,USD,0.0433
2024-07-02T13:14:19.301459Z,,CASH TOP-UP,,,USD 500,USD,0.0427
2024-07-02T13:30:03.964Z,ACHR,BUY - MARKET,28.65329512,USD 3.49,USD 100,USD,0.0427
2024-07-02T13:30:07.675Z,ETSY,BUY - MARKET,1.74367916,USD 57.35,USD 100,USD,0.0427
2024-07-02T15:04:07.400Z,ENPH,BUY - MARKET,1.02753801,USD 97.32,USD 100,USD,0.0428
2024-07-02T15:04:32.299Z,QS,BUY - MARKET,20.58024691,USD 4.86,USD 100,USD,0.0428
2024-07-02T15:06:10.318Z,CRSP,BUY - MARKET,1.878287,USD 53.24,USD 100,USD,0.0428
2024-07-02T19:34:53.910372Z,,CASH TOP-UP,,,USD 200,USD,0.0428
2024-07-02T19:35:36.783Z,PATH,BUY - MARKET,15.38615384,USD 13,USD 200,USD,0.0428
2024-08-13T14:54:44.001680Z,,CASH TOP-UP,,,USD 1000,USD,0.0436
2024-08-13T14:55:04.942Z,ACHR,BUY - MARKET,140.49719101,USD 3.56,USD 500,USD,0.0436
2024-08-13T14:55:42.644Z,CRSP,BUY - MARKET,5.18779829,USD 48.19,USD 250,USD,0.0436
2024-08-13T14:56:16.327Z,RIVN,BUY - MARKET,18.39735099,USD 13.59,USD 250,USD,0.0436
2024-10-02T18:52:38.579904Z,,CASH TOP-UP,,,USD 300,USD,0.0437
2024-10-02T18:53:03.690Z,ACHR,BUY - MARKET,94.66876971,USD 3.17,USD 300,USD,0.0437
2024-10-03T19:15:00.223638Z,,CASH TOP-UP,,,USD 700,USD,0.0437
2024-10-03T19:15:18.134Z,ACHR,BUY - MARKET,236.57432432,USD 2.96,USD 700,USD,0.0437
2024-10-30T10:01:36.723895Z,,CASH TOP-UP,,,USD 500,USD,0.0428
2024-10-30T10:01:53.483582Z,,CASH TOP-UP,,,USD 500,USD,0.0428
2024-10-30T13:30:05.990Z,PATH,BUY - MARKET,23.8095238,USD 12.60,USD 300,USD,0.0428
2024-10-30T13:30:08.458Z,QS,BUY - MARKET,130.10037174,USD 5.38,USD 700,USD,0.0428
2024-11-29T19:56:09.437434Z,,CASH TOP-UP,,,USD 474,USD,0.0420
2024-12-02T14:30:20.917Z,CRSP,BUY - MARKET,9.2578125,USD 51.20,USD 474,USD,0.0417
2024-12-24T08:41:09.279535Z,GOEVQ,STOCK SPLIT,-7.57802155,,USD 0,USD,0.0415
2025-01-22T22:03:40.061499Z,,CASH TOP-UP,,,USD 800,USD,0.0416
2025-01-23T14:30:08.459Z,QS,BUY - MARKET,158.73015873,USD 5.04,USD 800,USD,0.0416
2025-02-04T14:35:16.059737Z,,CASH TOP-UP,,,USD 175,USD,0.0412
2025-02-04T14:35:30.233Z,QS,BUY - MARKET,34.93812375,USD 5.01,USD 175,USD,0.0412
2025-02-14T14:30:00.094Z,GOEVQ,SELL - MARKET,0.39884323,USD 0.13,USD 0.03,USD,0.0421
2025-06-12T13:53:05.271501Z,,CASH TOP-UP,,,USD 800,USD,0.0469
2025-06-12T13:53:06.056Z,CRSP,BUY - MARKET,19.86814005,USD 40.27,USD 800,USD,0.0469
2025-06-12T13:53:35.423379Z,,CASH TOP-UP,,,USD 800,USD,0.0469
2025-06-12T13:53:36.123Z,ENPH,BUY - MARKET,17.74251497,USD 45.09,USD 800,USD,0.0469
2025-08-27T17:33:52.690864Z,,CASH TOP-UP,,,USD 700,USD,0.0476
2025-08-27T17:33:53.624Z,PATH,BUY - MARKET,63.01350135,USD 11.11,USD 700,USD,0.0476
2025-12-16T14:30:01.821Z,PLTR,SELL - MARKET,12,USD 181.98,USD 2183.75,USD,0.0486
2025-12-17T11:10:10.868702Z,,CASH WITHDRAWAL,,,USD -2183.78,USD,0.0483
2026-01-05T14:31:00.012Z,PATH,SELL - MARKET,77.25,USD 15.80,USD 1220.54,USD,0.0485
2026-01-06T11:21:24.040891Z,,CASH WITHDRAWAL,,,USD -1220.54,USD,0.0485
2026-01-07T16:41:19.601Z,PLTR,SELL - MARKET,10,USD 183.93,USD 1839.25,USD,0.0483
2026-01-07T16:42:36.109Z,NNE,BUY - MARKET,56.52089735,USD 32.54,USD 1839,USD,0.0483
2026-01-12T17:08:56.765Z,PLTR,SELL - MARKET,18,USD 177.79,USD 3200.13,USD,0.0482
2026-01-13T09:18:10.524681Z,,CASH WITHDRAWAL,,,USD -3200.38,USD,0.0482
2026-01-26T15:39:17.788Z,PLTR,SELL - MARKET,6,USD 169.17,USD 1015,USD,0.0492
2026-01-28T21:08:00.155398Z,,CASH WITHDRAWAL,,,USD -1015,USD,0.0494
2026-02-02T16:14:16.032Z,PLTR,SELL - MARKET,10,USD 150.38,USD 1503.82,USD,0.0487
2026-02-03T09:56:00.482932Z,,CASH WITHDRAWAL,,,USD -1503.82,USD,0.0487
2026-02-04T14:30:02.241Z,PLTR,SELL - MARKET,10,USD 155.35,USD 1553.49,USD,0.0486
2026-02-05T17:06:25.136957Z,,CASH WITHDRAWAL,,,USD -1553.49,USD,0.0488
2026-02-06T18:14:46.641Z,PLTR,SELL - MARKET,15,USD 136.41,USD 2046.08,USD,0.0490
2026-02-09T01:02:45.686043Z,,CASH WITHDRAWAL,,,USD -2046.08,USD,0.0490
2026-02-09T15:02:34.213Z,PLTR,SELL - MARKET,15,USD 139.75,USD 2096.18,USD,0.0494
2026-02-09T18:14:46.038Z,RIVN,SELL - MARKET,20,USD 15.06,USD 301.22,USD,0.0493
2026-02-09T18:16:39.285Z,QS,BUY - MARKET,55,USD 9.03,USD 496.57,USD,0.0493
2026-02-10T14:43:24.933315Z,,CASH WITHDRAWAL,,,USD -1900.83,USD,0.0493
2026-02-18T19:46:18.319Z,PLTR,SELL - MARKET,5,USD 135.78,USD 678.90,USD,0.0488
2026-02-23T20:49:01.823586Z,,CASH WITHDRAWAL,,,USD -678.90,USD,0.0488
2026-02-26T20:05:27.355Z,PLTR,SELL - MARKET,10,USD 135.80,USD 1358.02,USD,0.0488
2026-03-02T15:27:06.706Z,PLTR,SELL - MARKET,5,USD 144.85,USD 724.26,USD,0.0483
2026-03-03T13:54:10.882321Z,,CASH WITHDRAWAL,,,USD -2082.28,USD,0.0477
2026-03-06T19:29:21.748Z,PLTR,SELL - MARKET,5,USD 161.34,USD 806.71,USD,0.0478
2026-03-09T13:32:28.760390Z,,CASH WITHDRAWAL,,,USD -806.71,USD,0.0476
2026-03-09T19:22:56Z,PLTR,SELL - MARKET,20,USD 156.27,USD 3125.47,USD,0.0477
2026-03-10T14:56:33.394587Z,,CASH WITHDRAWAL,,,USD -3125.47,USD,0.0479
2026-03-11T16:45:23.674Z,ETSY,SELL - MARKET,5.56151894,USD 52.43,USD 291.58,USD,0.0476
2026-03-11T16:49:04.541Z,RIVN,SELL - MARKET,18.5687085,USD 16.36,USD 303.80,USD,0.0476
2026-03-11T16:50:44.453Z,PATH,SELL - MARKET,102.21160617,USD 11.87,USD 1213.37,USD,0.0476
2026-03-12T08:56:10.951163Z,,CASH WITHDRAWAL,,,USD -1808.75,USD,0.0474
2026-04-06T18:41:09.531Z,PLTR,SELL - MARKET,10,USD 148.06,USD 1480.60,USD,0.0473
2026-04-07T09:32:11.601331Z,,CASH WITHDRAWAL,,,USD -1480.60,USD,0.0474
2026-04-15T16:43:25.048Z,PLTR,SELL - MARKET,10,USD 139.94,USD 1399.40,USD,0.0486
2026-04-16T13:50:42.324519Z,,CASH WITHDRAWAL,,,USD -1399.40,USD,0.0485
2026-04-21T14:08:52.927Z,PLTR,SELL - MARKET,10,USD 149.15,USD 1491.42,USD,0.0486
2026-04-22T14:26:51.001185Z,,CASH WITHDRAWAL,,,USD -1491.42,USD,0.0484
2026-05-06T17:53:33.271Z,PLTR,SELL - MARKET,10,USD 133.51,USD 1335.10,USD,0.0484
2026-05-07T17:56:47.170752Z,,CASH WITHDRAWAL,,,USD -1335.10,USD,0.0485
2026-05-20T15:26:52.144Z,PLTR,SELL - MARKET,10,USD 135.85,USD 1358.45,USD,0.0480
2026-05-21T06:35:32.130394Z,,CASH WITHDRAWAL,,,USD -1358.45,USD,0.0479
2026-05-26T18:33:49.147Z,PLTR,SELL - MARKET,10,USD 137.22,USD 1372.16,USD,0.0481
2026-05-27T07:21:42.038427Z,,CASH WITHDRAWAL,,,USD -1372.16,USD,0.0481
2026-05-28T16:40:57.731Z,PLTR,SELL - MARKET,10,USD 139.61,USD 1396.10,USD,0.0481
2026-06-01T10:04:15.671018Z,,CASH WITHDRAWAL,,,USD -1396.10,USD,0.0481
2026-06-01T19:32:15.007Z,PLTR,SELL - MARKET,30,USD 160.80,USD 4823.76,USD,0.0481
2026-06-02T14:04:02.953Z,LAC,BUY - MARKET,300,USD 6.09,USD 1827,USD,0.0482
2026-06-02T14:17:22.454387Z,,CASH WITHDRAWAL,,,USD -500,USD,0.0482
2026-06-02T18:13:09.398334Z,,CASH WITHDRAWAL,,,USD -2496.76,USD,0.0481
2026-06-08T14:49:15.859Z,BWXT,BUY - MARKET,2,USD 188.52,USD 377.05,USD,0.0478
2026-06-08T14:49:16.148775Z,,CASH TOP-UP,,,USD 395.14,USD,0.0478
2026-06-08T14:51:00.571320Z,,CASH WITHDRAWAL,,,USD -8.09,USD,0.0478
2026-06-08T14:51:10.811724Z,,CASH WITHDRAWAL,,,USD -10,USD,0.0478
2026-06-15T16:13:52.461Z,PLTR,SELL - MARKET,10,USD 134.55,USD 1345.50,USD,0.0482
2026-06-16T08:37:06.502348Z,,CASH WITHDRAWAL,,,USD -1345.50,USD,0.0482
2026-06-17T19:57:16.605Z,PLTR,SELL - MARKET,10,USD 130.25,USD 1302.46,USD,0.0477
2026-06-18T16:42:39.342006Z,,CASH WITHDRAWAL,,,USD -1302.46,USD,0.0475
2026-06-23T14:15:16.135Z,PLTR,SELL - MARKET,10,USD 118.71,USD 1187.06,USD,0.0472
2026-06-24T07:14:32.340426Z,,CASH WITHDRAWAL,,,USD -1187.06,USD,0.0470
2026-06-25T13:52:21.105Z,PLTR,SELL - MARKET,10,USD 107.98,USD 1079.74,USD,0.0470
2026-06-26T20:04:48.889613Z,,CASH WITHDRAWAL,,,USD -1079.74,USD,0.0471
2026-06-30T17:14:22.260Z,PLTR,SELL - MARKET,12.24584336,USD 118.28,USD 1448.43,USD,0.0472
2026-07-01T09:25:40.849950Z,,CASH WITHDRAWAL,,,USD -1448.43,USD,0.0471
2026-07-13T19:08:27.201Z,PLTR,SELL - MARKET,10,USD 129.45,USD 1294.50,USD,0.0470
2026-07-13T19:09:22.793688Z,,CASH TOP-UP,,,USD 3.75,USD,0.0470
2026-07-13T19:09:38.034366Z,,CASH TOP-UP,,,USD 0.56,USD,0.0470
2026-07-13T19:09:45.346Z,SPCX,BUY - MARKET,9,USD 137.42,USD 1236.78,USD,0.0470
2026-07-16T18:12:38.281Z,PLTR,SELL - MARKET,10,USD 134.25,USD 1342.42,USD,0.0474
2026-07-20T07:46:31.758229Z,,CASH WITHDRAWAL,,,USD -1404.45,USD,0.0474
2026-07-20T19:20:08.282Z,PLTR,SELL - MARKET,10,USD 135.72,USD 1357.20,USD,0.0473
2026-07-21T12:40:04.620012Z,,CASH WITHDRAWAL,,,USD -1357.20,USD,0.0474
2026-07-21T15:16:46.061Z,PLTR,SELL - MARKET,9,USD 132.84,USD 1195.49,USD,0.0473
2026-07-21T15:17:18.458Z,BE,BUY - MARKET,5,USD 222.19,USD 1110.95,USD,0.0473
2026-08-04T13:30:02.307Z,PLTR,SELL - MARKET,10,USD 145,USD 1449.96,USD,0.0477
2026-08-04T13:31:05.487Z,SPCX,BUY - MARKET,12,USD 118.18,USD 1418.16,USD,0.0477
2026-08-04T17:49:58.042Z,PLTR,SELL - MARKET,10,USD 163.97,USD 1639.62,USD,0.0478
2026-08-05T17:08:14.436551Z,,CASH WITHDRAWAL,,,USD -1755.96,USD,0.0479
