Symbol,Type,Quantity,Price,Value,Fees,Date
ENJ,Buy,100,$2.95,$294.96,$3.80,"Nov 18, 2021, 4:22:55 PM"
ETH,Buy,0.172396,"$4,060.42",$700.00,$21.00,"Nov 18, 2021, 9:35:24 PM"
ETH,Buy,0.48040582,"$4,002.24","$1,922.70",$57.68,"Nov 19, 2021, 12:40:32 AM"
ENJ,Buy,26,$4.30,$111.84,$0.00,"Nov 24, 2021, 9:43:29 AM"
ETH,Sell,0.11655496,"$4,289.82",$500.00,$10.34,"Nov 25, 2021, 1:26:29 AM"
ENJ,Buy,112,$4.35,$487.41,$12.19,"Nov 25, 2021, 1:46:38 AM"
ENJ,Buy,45,94.75 CZK,"4,263.92 CZK",127.92 CZK,"Nov 25, 2021, 5:31:04 PM"
ETH,Sell,0.01235543,"$4,046.80",$50.00,$0.00,"Dec 25, 2021, 11:23:24 AM"
ETH,Buy,0.16819,"65,402.22 CZK","11,000.00 CZK",166.63 CZK,"Feb 7, 2022, 2:07:53 PM"
ETH,Buy,0.2,"66,458.43 CZK","13,291.69 CZK",286.25 CZK,"May 3, 2022, 4:11:47 PM"
ETH,Buy,0.14,"67,312.87 CZK","9,423.81 CZK",282.72 CZK,"May 5, 2022, 4:00:46 PM"
ENJ,Buy,199.2739474,26.60 CZK,"5,300.00 CZK",158.99 CZK,"May 5, 2022, 4:03:31 PM"
ETH,Buy,0.19148,"41,779.82 CZK","8,000.00 CZK",87.50 CZK,"Jun 2, 2022, 5:17:59 PM"
ENJ,Buy,172.95962292,6.75 CZK,"1,167.00 CZK",35.83 CZK,"Dec 15, 2022, 10:54:56 PM"
ETH,Sell,0.06324945,"$1,581.04",$100.00,$1.99,"Jan 31, 2023, 3:42:01 PM"
BTC,Buy,0.00447274,"670,728.65 CZK","3,000.00 CZK",29.70 CZK,"Jul 12, 2023, 7:38:49 AM"
BTC,Buy,0.02626132,"951,970.35 CZK","25,000.00 CZK",247.50 CZK,"Dec 4, 2023, 11:46:10 AM"
ENJ,Buy,271.63181568,7.36 CZK,"2,000.00 CZK",19.80 CZK,"Dec 4, 2023, 1:37:28 PM"
DOGE,Buy,"1,480.19651801",2.03 CZK,"3,000.00 CZK",29.70 CZK,"Dec 5, 2023, 9:12:42 AM"
DOGE,Buy,"4,238.69314479",2.36 CZK,"10,000.00 CZK",99.00 CZK,"Dec 6, 2023, 8:57:24 AM"
ENJ,Buy,380.74756495,7.88 CZK,"3,000.00 CZK",29.70 CZK,"Dec 6, 2023, 8:58:49 AM"
BTC,Sell,0.00462357,"$43,256.63",$200.00,$1.98,"Dec 23, 2023, 3:19:05 PM"
BTC,Buy,0.00034938,"$44,364.18",$15.50,$0.15,"Dec 23, 2023, 4:20:53 PM"
ADA,Buy,390.314364,12.81 CZK,"5,000.00 CZK",49.50 CZK,"Jan 3, 2024, 10:08:11 PM"
ADA,Buy,215.414181,10.81 CZK,"2,328.00 CZK",23.05 CZK,"Jan 25, 2024, 5:10:56 PM"
ADA,Buy,206.325927,12.12 CZK,"2,500.00 CZK",24.75 CZK,"Feb 2, 2024, 6:07:57 PM"
DOGE,Buy,"1,973.53947719",1.87 CZK,"3,700.00 CZK",36.63 CZK,"Feb 8, 2024, 7:33:35 AM"
ENJ,Sell,"1,289.86585694",6.68 CZK,"8,620.90 CZK",85.35 CZK,"Jun 4, 2024, 4:37:22 PM"
ADA,Buy,"1,130.44795",10.62 CZK,"12,000.00 CZK",118.80 CZK,"Jun 5, 2024, 7:29:42 AM"
BTC,Buy,0.00351216,"1,423,623.78 CZK","5,000.00 CZK",49.49 CZK,"Jul 3, 2024, 6:41:05 PM"
ETH,Buy,0.27905597,"71,670.21 CZK","20,000.00 CZK",197.99 CZK,"Jul 8, 2024, 11:47:26 AM"
BTC,Buy,0.01481042,"1,350,399.92 CZK","20,000.00 CZK",197.99 CZK,"Jul 8, 2024, 11:47:42 AM"
DOGE,Buy,"3,899.06397417",2.56 CZK,"10,000.00 CZK",98.99 CZK,"Jul 8, 2024, 11:47:55 AM"
ADA,Buy,"1,137.384632",8.79 CZK,"10,000.00 CZK",99.00 CZK,"Jul 8, 2024, 11:48:08 AM"
ETH,Buy,0.30216038,"82,737.52 CZK","25,000.00 CZK",247.50 CZK,"Jul 21, 2024, 10:51:19 PM"
ETH,Buy,0.28240207,"10,623.15 PLN","3,000.00 PLN",29.70 PLN,"Aug 13, 2024, 6:18:04 PM"
DOGE,Buy,"2,203.46693541",0.44 PLN,959.94 PLN,9.50 PLN,"Oct 4, 2024, 6:52:58 PM"
DOGE,Buy,"14,319.35926546",3.49 CZK,"50,000.00 CZK",495.00 CZK,"Oct 21, 2024, 8:40:01 AM"
SOL,Buy,0.574075,"5,225.79 CZK","3,000.00 CZK",29.69 CZK,"Nov 15, 2024, 9:47:12 PM"
ADA,Buy,407.556392,17.75 CZK,"7,232.51 CZK",71.59 CZK,"Nov 19, 2024, 11:22:17 PM"
DOGE,Buy,"2,870.77644136",10.45 CZK,"30,000.00 CZK",297.00 CZK,"Nov 24, 2024, 2:35:19 PM"
ADA,Buy,602.216445,24.91 CZK,"15,000.00 CZK",148.50 CZK,"Nov 24, 2024, 2:35:48 PM"
SOL,Buy,0.815031,"6,134.73 CZK","5,000.00 CZK",49.50 CZK,"Nov 24, 2024, 2:36:02 PM"
DOGE,Buy,"1,904.88755318",10.50 CZK,"20,000.00 CZK",198.00 CZK,"Nov 29, 2024, 8:56:54 PM"
ADA,Buy,588.529076,25.49 CZK,"15,000.00 CZK",148.50 CZK,"Nov 29, 2024, 8:57:18 PM"
XRP,Buy,275.394437,10.89 PLN,"3,000.00 PLN",29.70 PLN,"Dec 3, 2024, 10:44:06 AM"
SOL,Buy,1.609172,932.16 PLN,"1,500.00 PLN",14.84 PLN,"Dec 3, 2024, 10:46:39 AM"
XRP,Buy,176.875656,56.54 CZK,"10,000.00 CZK",99.00 CZK,"Dec 10, 2024, 11:51:43 PM"
XRP,Buy,423.047628,59.10 CZK,"25,000.00 CZK",247.50 CZK,"Dec 13, 2024, 3:31:27 PM"
XRP,Buy,134,56.79 CZK,"7,609.84 CZK",75.34 CZK,"Mar 4, 2025, 1:10:09 PM"
ADA,Buy,348,19.49 CZK,"6,782.91 CZK",67.15 CZK,"Mar 4, 2025, 1:11:42 PM"
DOGE,Buy,"1,700.16668668",4.71 CZK,"8,000.00 CZK",79.20 CZK,"Mar 5, 2025, 4:37:06 PM"
XRP,Buy,169.325832,47.25 CZK,"8,000.00 CZK",79.20 CZK,"Apr 3, 2025, 9:04:30 PM"
XRP,Buy,168.004247,47.62 CZK,"8,000.00 CZK",79.19 CZK,"May 7, 2025, 12:40:39 PM"
XRP,Buy,357.275068,47.58 CZK,"17,000.00 CZK",168.29 CZK,"May 31, 2025, 11:22:00 AM"
DOGE,Buy,"3,525.16800318",4.21 CZK,"14,832.00 CZK",146.84 CZK,"May 31, 2025, 11:23:08 AM"
DOGE,Buy,"1,798.00029258",€0.17,€310.00,€3.06,"May 31, 2025, 4:20:28 PM"
ETH,Stake,1.98748432,"85,824.87 CZK","170,575.57 CZK",0.00 CZK,"Sep 30, 2025, 7:31:10 PM"
SOL,Buy,6,$89.44,$536.63,$5.31,"Feb 7, 2026, 9:16:42 PM"
SOL,Stake,8.968596,"1,836.16 CZK","16,467.81 CZK",0.00 CZK,"Feb 7, 2026, 9:17:37 PM"
ETH,Buy,1,"$2,023.60","$2,023.61",$20.03,"Jun 1, 2026, 9:36:16 PM"
ETH,Stake,1,"42,253.49 CZK","42,253.49 CZK",0.00 CZK,"Jun 1, 2026, 9:36:28 PM"
SOL,Buy,2.85,$76.95,$219.32,$2.84,"Jun 2, 2026, 9:12:24 PM"
SOL,Stake,2.85,"1,601.34 CZK","4,563.82 CZK",0.00 CZK,"Jun 2, 2026, 9:12:42 PM"
XRP,Buy,312,$1.24,$385.35,$3.82,"Jun 2, 2026, 9:14:25 PM"
ETH,Buy,0.6,"$1,597.09",$958.26,$9.49,"Jul 1, 2026, 11:27:41 AM"
ETH,Stake,0.6,"38,101.12 CZK","22,860.67 CZK",0.00 CZK,"Jul 13, 2026, 9:11:46 PM"
ADA,Staking reward,0.643013,,,,"Nov 18, 2024, 7:14:54 AM"
ADA,Staking reward,0.563217,,,,"Nov 21, 2024, 12:30:15 AM"
ADA,Staking reward,0.851354,,,,"Nov 25, 2024, 11:35:37 PM"
ADA,Staking reward,0.676756,,,,"Dec 2, 2024, 6:47:04 AM"
ADA,Staking reward,0.683196,,,,"Dec 6, 2024, 3:28:42 AM"
ADA,Staking reward,0.747945,,,,"Dec 11, 2024, 4:05:05 AM"
ADA,Staking reward,0.933288,,,,"Dec 19, 2024, 4:48:53 PM"
ADA,Staking reward,1.007015,,,,"Dec 23, 2024, 8:47:11 AM"
ADA,Staking reward,0.882207,,,,"Dec 26, 2024, 6:05:17 AM"
ADA,Staking reward,0.816544,,,,"Dec 31, 2024, 3:49:10 AM"
ADA,Staking reward,1.062027,,,,"Jan 6, 2025, 1:31:28 PM"
ADA,Staking reward,1.068842,,,,"Jan 10, 2025, 2:09:46 AM"
ADA,Staking reward,1.124647,,,,"Jan 16, 2025, 2:52:47 AM"
ADA,Staking reward,1.138169,,,,"Jan 23, 2025, 5:51:29 PM"
ADA,Staking reward,1.024902,,,,"Jan 27, 2025, 12:47:34 PM"
ADA,Staking reward,0.203732,,,,"Feb 4, 2025, 3:01:01 AM"
ADA,Staking reward,0.152995,,,,"Feb 4, 2025, 3:37:02 PM"
ADA,Staking reward,0.908828,,,,"Feb 4, 2025, 8:45:13 PM"
ADA,Staking reward,0.897016,,,,"Feb 5, 2025, 5:59:12 AM"
ADA,Staking reward,1.195611,,,,"Feb 10, 2025, 1:02:53 PM"
ADA,Staking reward,1.022843,,,,"Feb 14, 2025, 5:44:00 AM"
ADA,Staking reward,1.274206,,,,"Feb 19, 2025, 9:00:39 AM"
ADA,Staking reward,0.957145,,,,"Feb 24, 2025, 2:39:36 PM"
ADA,Staking reward,1.270489,,,,"Mar 3, 2025, 11:18:44 AM"
ADA,Staking reward,1.133485,,,,"Mar 6, 2025, 5:38:33 AM"
ADA,Staking reward,0.938287,,,,"Mar 12, 2025, 10:31:48 PM"
ADA,Staking reward,1.158492,,,,"Mar 17, 2025, 2:37:57 PM"
ADA,Staking reward,1.344208,,,,"Mar 24, 2025, 11:49:55 PM"
ADA,Staking reward,1.015993,,,,"Mar 26, 2025, 7:34:05 AM"
ADA,Staking reward,1.024169,,,,"Apr 7, 2025, 3:15:45 PM"
ADA,Staking reward,1.147532,,,,"Apr 7, 2025, 11:28:04 PM"
ADA,Staking reward,1.276615,,,,"Apr 10, 2025, 5:57:49 AM"
ADA,Staking reward,1.17217,,,,"Apr 15, 2025, 9:31:02 PM"
ADA,Staking reward,1.243887,,,,"Apr 21, 2025, 5:32:00 PM"
ADA,Staking reward,1.107269,,,,"Apr 25, 2025, 6:38:49 AM"
ADA,Staking reward,1.091508,,,,"Apr 30, 2025, 6:41:03 AM"
ADA,Staking reward,1.127912,,,,"May 5, 2025, 1:46:31 PM"
ADA,Staking reward,1.093948,,,,"May 12, 2025, 1:55:12 PM"
ADA,Staking reward,1.033791,,,,"May 15, 2025, 6:27:12 AM"
ADA,Staking reward,1.157325,,,,"May 20, 2025, 7:58:31 AM"
ADA,Staking reward,1.351309,,,,"May 26, 2025, 4:15:48 PM"
ADA,Staking reward,1.291812,,,,"May 30, 2025, 3:59:45 AM"
ADA,Staking reward,1.054039,,,,"Jun 4, 2025, 6:14:10 AM"
ADA,Staking reward,1.220861,,,,"Jun 9, 2025, 8:29:57 PM"
ADA,Staking reward,1.158842,,,,"Jun 16, 2025, 6:29:24 PM"
ADA,Staking reward,1.061994,,,,"Jun 19, 2025, 3:34:50 AM"
ADA,Staking reward,1.017868,,,,"Jun 24, 2025, 8:01:10 AM"
ADA,Staking reward,1.067564,,,,"Jul 1, 2025, 2:27:39 PM"
ADA,Staking reward,1.176781,,,,"Jul 4, 2025, 6:16:14 AM"
ADA,Staking reward,1.079525,,,,"Jul 9, 2025, 4:57:00 AM"
ADA,Staking reward,1.31691,,,,"Jul 14, 2025, 2:33:30 PM"
ADA,Staking reward,1.224978,,,,"Jul 21, 2025, 5:42:31 PM"
ADA,Staking reward,1.140346,,,,"Jul 24, 2025, 6:56:49 AM"
ADA,Staking reward,1.106257,,,,"Jul 29, 2025, 4:23:40 AM"
ADA,Staking reward,1.215702,,,,"Aug 4, 2025, 5:00:09 PM"
ADA,Staking reward,1.196768,,,,"Aug 8, 2025, 7:05:14 AM"
ADA,Staking reward,1.026203,,,,"Aug 13, 2025, 6:05:59 AM"
ADA,Staking reward,1.043314,,,,"Aug 18, 2025, 11:39:08 AM"
ADA,Staking reward,1.169366,,,,"Aug 25, 2025, 5:11:47 PM"
ADA,Staking reward,1.28695,,,,"Aug 28, 2025, 8:51:56 AM"
ADA,Staking reward,1.098292,,,,"Sep 2, 2025, 6:53:34 AM"
ADA,Staking reward,1.121427,,,,"Sep 8, 2025, 11:58:40 AM"
ADA,Staking reward,1.042964,,,,"Sep 12, 2025, 6:58:34 AM"
ADA,Staking reward,1.066536,,,,"Sep 17, 2025, 7:54:41 AM"
ADA,Staking reward,1.096288,,,,"Sep 22, 2025, 1:36:57 PM"
ADA,Staking reward,1.038252,,,,"Sep 29, 2025, 12:52:16 PM"
ADA,Staking reward,1.146525,,,,"Oct 2, 2025, 6:04:19 AM"
ETH,Staking reward,0.00000621,,,,"Oct 3, 2025, 2:15:54 AM"
ETH,Staking reward,0.00000623,,,,"Oct 4, 2025, 1:04:53 AM"
ETH,Staking reward,0.00021575,,,,"Oct 5, 2025, 1:07:24 AM"
ETH,Staking reward,0.00038219,,,,"Oct 6, 2025, 2:12:35 AM"
ETH,Staking reward,0.0003982,,,,"Oct 7, 2025, 1:02:41 AM"
ADA,Staking reward,1.055028,,,,"Oct 7, 2025, 6:29:53 AM"
ETH,Staking reward,0.00004781,,,,"Oct 8, 2025, 1:09:29 AM"
ETH,Staking reward,0.00000775,,,,"Oct 9, 2025, 1:49:13 AM"
ETH,Staking reward,0.0000023,,,,"Oct 10, 2025, 1:04:54 AM"
ETH,Staking reward,0.00027748,,,,"Oct 11, 2025, 1:29:46 AM"
ETH,Staking reward,0.00000688,,,,"Oct 12, 2025, 1:52:57 AM"
ETH,Staking reward,0.00000786,,,,"Oct 13, 2025, 12:51:54 AM"
ADA,Staking reward,1.147683,,,,"Oct 13, 2025, 1:28:16 PM"
ETH,Staking reward,0.00019986,,,,"Oct 14, 2025, 1:01:48 AM"
ETH,Staking reward,0.00039313,,,,"Oct 15, 2025, 2:48:35 AM"
ETH,Staking reward,0.00041072,,,,"Oct 16, 2025, 1:57:31 AM"
ADA,Staking reward,1.256016,,,,"Oct 17, 2025, 4:09:30 AM"
ETH,Staking reward,0.00000961,,,,"Oct 20, 2025, 2:12:33 PM"
ETH,Staking reward,0.00001606,,,,"Oct 20, 2025, 4:57:26 PM"
ETH,Staking reward,0.00000377,,,,"Oct 20, 2025, 6:28:55 PM"
ETH,Staking reward,0.00000498,,,,"Oct 20, 2025, 8:02:40 PM"
ETH,Staking reward,0.00000473,,,,"Oct 21, 2025, 1:43:58 AM"
ETH,Staking reward,0.00000563,,,,"Oct 22, 2025, 1:38:11 AM"
ADA,Staking reward,1.144989,,,,"Oct 22, 2025, 5:44:41 AM"
ETH,Staking reward,0.00034119,,,,"Oct 23, 2025, 2:03:52 AM"
ETH,Staking reward,0.00056412,,,,"Oct 24, 2025, 2:13:27 AM"
ETH,Staking reward,0.0005694,,,,"Oct 25, 2025, 1:47:40 AM"
ETH,Staking reward,0.00000625,,,,"Oct 26, 2025, 1:42:49 AM"
ETH,Staking reward,0.00001306,,,,"Oct 27, 2025, 12:52:10 AM"
ADA,Staking reward,1.531269,,,,"Oct 27, 2025, 1:46:08 PM"
ETH,Staking reward,0.00000177,,,,"Oct 28, 2025, 12:40:31 AM"
ETH,Staking reward,0.00001078,,,,"Oct 29, 2025, 12:47:39 AM"
ETH,Staking reward,0.00000536,,,,"Oct 30, 2025, 1:11:43 AM"
ETH,Staking reward,0.00000735,,,,"Oct 31, 2025, 12:58:58 AM"
ETH,Staking reward,0.0005155,,,,"Nov 1, 2025, 1:06:08 AM"
ETH,Staking reward,0.00045895,,,,"Nov 2, 2025, 1:07:23 AM"
ETH,Staking reward,0.00046997,,,,"Nov 3, 2025, 12:47:22 AM"
ETH,Staking reward,0.00000216,,,,"Nov 4, 2025, 1:20:01 AM"
ADA,Staking reward,1.546171,,,,"Nov 4, 2025, 1:38:27 AM"
ETH,Staking reward,0.00028111,,,,"Nov 5, 2025, 12:40:04 AM"
ETH,Staking reward,0.00000475,,,,"Nov 6, 2025, 1:33:54 AM"
ADA,Staking reward,1.625744,,,,"Nov 6, 2025, 3:05:23 AM"
ETH,Staking reward,0.00000413,,,,"Nov 7, 2025, 1:18:01 AM"
ETH,Staking reward,0.00003432,,,,"Nov 8, 2025, 1:24:29 AM"
ETH,Staking reward,0.00000354,,,,"Nov 9, 2025, 1:28:27 AM"
ETH,Staking reward,0.00063805,,,,"Nov 10, 2025, 1:29:57 AM"
ETH,Staking reward,0.00049017,,,,"Nov 11, 2025, 1:26:33 AM"
ADA,Staking reward,1.683679,,,,"Nov 11, 2025, 6:46:45 AM"
ETH,Staking reward,0.00022244,,,,"Nov 12, 2025, 12:50:21 AM"
ETH,Staking reward,0.00000529,,,,"Nov 13, 2025, 1:36:05 AM"
ETH,Staking reward,0.00000742,,,,"Nov 14, 2025, 1:23:49 AM"
ETH,Staking reward,0.00003438,,,,"Nov 15, 2025, 1:20:54 AM"
ETH,Staking reward,0.00000358,,,,"Nov 16, 2025, 1:23:38 AM"
ETH,Staking reward,0.00000523,,,,"Nov 17, 2025, 1:02:27 AM"
ADA,Staking reward,1.70804,,,,"Nov 17, 2025, 11:51:21 AM"
ETH,Staking reward,0.00016611,,,,"Nov 18, 2025, 2:09:13 AM"
ETH,Staking reward,0.00055414,,,,"Nov 19, 2025, 12:50:19 AM"
ETH,Staking reward,0.00055921,,,,"Nov 20, 2025, 1:15:10 AM"
ETH,Staking reward,0.00058216,,,,"Nov 21, 2025, 1:00:25 AM"
ADA,Staking reward,1.598028,,,,"Nov 21, 2025, 4:56:06 AM"
ETH,Staking reward,0.0020471,,,,"Nov 22, 2025, 1:37:19 AM"
ETH,Staking reward,0.00001055,,,,"Nov 23, 2025, 12:46:16 AM"
ETH,Staking reward,0.00000512,,,,"Nov 24, 2025, 12:48:18 AM"
ETH,Staking reward,0.00001666,,,,"Nov 25, 2025, 1:26:34 AM"
ETH,Staking reward,0.0000044,,,,"Nov 26, 2025, 1:02:36 AM"
ADA,Staking reward,1.564762,,,,"Nov 26, 2025, 3:11:49 AM"
ETH,Staking reward,0.0003447,,,,"Nov 27, 2025, 2:47:13 AM"
ETH,Staking reward,0.00042731,,,,"Nov 28, 2025, 1:02:43 AM"
ETH,Staking reward,0.00052633,,,,"Nov 29, 2025, 1:17:51 AM"
ETH,Staking reward,0.00000391,,,,"Nov 30, 2025, 1:07:47 AM"
ETH,Staking reward,0.00000333,,,,"Dec 1, 2025, 1:10:35 AM"
ADA,Staking reward,1.449317,,,,"Dec 1, 2025, 1:11:24 PM"
ETH,Staking reward,0.00000901,,,,"Dec 2, 2025, 1:09:28 AM"
ETH,Staking reward,0.00001538,,,,"Dec 3, 2025, 1:15:58 AM"
ETH,Staking reward,0.00000206,,,,"Dec 4, 2025, 1:20:21 AM"
ETH,Staking reward,0.00000351,,,,"Dec 5, 2025, 1:21:58 AM"
ETH,Staking reward,0.00043579,,,,"Dec 6, 2025, 1:26:08 AM"
ETH,Staking reward,0.00042962,,,,"Dec 7, 2025, 1:09:54 AM"
ETH,Staking reward,0.00039424,,,,"Dec 8, 2025, 1:33:33 AM"
ADA,Staking reward,1.59705,,,,"Dec 8, 2025, 11:31:22 AM"
ETH,Staking reward,0.00000639,,,,"Dec 9, 2025, 1:31:47 AM"
ETH,Staking reward,0.00001109,,,,"Dec 10, 2025, 1:30:05 AM"
ETH,Staking reward,0.00000722,,,,"Dec 11, 2025, 1:19:34 AM"
ADA,Staking reward,1.636228,,,,"Dec 11, 2025, 6:00:39 AM"
ETH,Staking reward,0.00000347,,,,"Dec 12, 2025, 1:25:17 AM"
ETH,Staking reward,0.00000508,,,,"Dec 13, 2025, 1:29:58 AM"
ETH,Staking reward,0.00000745,,,,"Dec 14, 2025, 1:41:51 AM"
ETH,Staking reward,0.00060536,,,,"Dec 15, 2025, 1:01:09 AM"
ETH,Staking reward,0.00054677,,,,"Dec 16, 2025, 12:37:21 AM"
ADA,Staking reward,1.541918,,,,"Dec 16, 2025, 3:00:30 AM"
ETH,Staking reward,0.00024896,,,,"Dec 17, 2025, 1:21:58 AM"
ETH,Staking reward,0.00000634,,,,"Dec 18, 2025, 1:37:01 AM"
ETH,Staking reward,0.00000615,,,,"Dec 19, 2025, 12:48:47 AM"
ETH,Staking reward,0.00001154,,,,"Dec 20, 2025, 12:54:59 AM"
ETH,Staking reward,0.00000136,,,,"Dec 21, 2025, 12:55:02 AM"
ETH,Staking reward,0.00000234,,,,"Dec 22, 2025, 1:02:14 AM"
ADA,Staking reward,1.528775,,,,"Dec 22, 2025, 1:02:02 PM"
ETH,Staking reward,0.00023321,,,,"Dec 23, 2025, 12:59:41 AM"
ETH,Staking reward,0.00045692,,,,"Dec 24, 2025, 1:02:03 AM"
ETH,Staking reward,0.00051305,,,,"Dec 25, 2025, 1:16:24 AM"
ETH,Staking reward,0.0001971,,,,"Dec 26, 2025, 1:03:47 AM"
ADA,Staking reward,1.617521,,,,"Dec 26, 2025, 5:12:10 AM"
ETH,Staking reward,0.00000701,,,,"Dec 27, 2025, 12:58:31 AM"
ETH,Staking reward,0.00000458,,,,"Dec 28, 2025, 1:05:31 AM"
ETH,Staking reward,0.00000284,,,,"Dec 29, 2025, 1:05:42 AM"
ETH,Staking reward,0.00000753,,,,"Dec 30, 2025, 1:00:45 AM"
ETH,Staking reward,0.00001375,,,,"Dec 31, 2025, 12:50:19 AM"
ADA,Staking reward,1.545551,,,,"Dec 31, 2025, 5:02:59 AM"
ETH,Staking reward,0.00042225,,,,"Jan 1, 2026, 12:50:34 AM"
ETH,Staking reward,0.00047453,,,,"Jan 2, 2026, 12:41:14 AM"
ETH,Staking reward,0.00045643,,,,"Jan 3, 2026, 12:39:05 AM"
ETH,Staking reward,0.00000362,,,,"Jan 4, 2026, 12:40:19 AM"
ETH,Staking reward,0.00000573,,,,"Jan 5, 2026, 12:40:27 AM"
ADA,Staking reward,1.489105,,,,"Jan 5, 2026, 9:39:53 AM"
ETH,Staking reward,0.00000532,,,,"Jan 6, 2026, 12:51:37 AM"
ETH,Staking reward,0.00000749,,,,"Jan 7, 2026, 12:42:58 AM"
ETH,Staking reward,0.00000318,,,,"Jan 8, 2026, 12:46:47 AM"
ETH,Staking reward,0.00000484,,,,"Jan 9, 2026, 12:40:36 AM"
ETH,Staking reward,0.00049869,,,,"Jan 10, 2026, 1:03:12 AM"
ETH,Staking reward,0.00049123,,,,"Jan 11, 2026, 12:57:23 AM"
ETH,Staking reward,0.00024881,,,,"Jan 12, 2026, 12:58:01 AM"
ADA,Staking reward,1.544394,,,,"Jan 12, 2026, 1:18:44 PM"
ETH,Staking reward,0.00003902,,,,"Jan 13, 2026, 12:46:14 AM"
ETH,Staking reward,0.00000163,,,,"Jan 14, 2026, 1:30:32 AM"
ETH,Staking reward,0.00000507,,,,"Jan 15, 2026, 1:34:14 AM"
ADA,Staking reward,1.351454,,,,"Jan 15, 2026, 5:35:15 AM"
ETH,Staking reward,0.00000289,,,,"Jan 16, 2026, 1:03:36 AM"
ETH,Staking reward,0.00000377,,,,"Jan 17, 2026, 1:49:26 AM"
ETH,Staking reward,0.00031228,,,,"Jan 18, 2026, 1:47:52 AM"
ETH,Staking reward,0.00050386,,,,"Jan 19, 2026, 1:37:24 AM"
ETH,Staking reward,0.00036086,,,,"Jan 20, 2026, 12:59:05 AM"
ADA,Staking reward,1.498931,,,,"Jan 20, 2026, 5:09:49 AM"
ETH,Staking reward,0.00000573,,,,"Jan 21, 2026, 1:10:04 AM"
ETH,Staking reward,0.00000638,,,,"Jan 22, 2026, 12:57:00 AM"
ETH,Staking reward,0.0000133,,,,"Jan 23, 2026, 1:13:40 AM"
ETH,Staking reward,0.00000464,,,,"Jan 24, 2026, 1:01:49 AM"
ETH,Staking reward,0.00000354,,,,"Jan 25, 2026, 12:57:07 AM"
ETH,Staking reward,0.00011994,,,,"Jan 26, 2026, 12:49:52 AM"
ADA,Staking reward,1.656337,,,,"Jan 26, 2026, 9:50:13 AM"
ETH,Staking reward,0.00041302,,,,"Jan 27, 2026, 12:41:59 AM"
ETH,Staking reward,0.00046304,,,,"Jan 28, 2026, 1:03:48 AM"
ETH,Staking reward,0.00013175,,,,"Jan 29, 2026, 12:50:33 AM"
ETH,Staking reward,0.00000668,,,,"Jan 30, 2026, 1:28:03 AM"
ADA,Staking reward,1.468084,,,,"Jan 30, 2026, 8:18:30 AM"
ETH,Staking reward,0.00000253,,,,"Jan 31, 2026, 12:49:46 AM"
ETH,Staking reward,0.00004036,,,,"Feb 1, 2026, 12:59:46 AM"
ETH,Staking reward,0.00000104,,,,"Feb 2, 2026, 12:38:28 AM"
ETH,Staking reward,0.0000147,,,,"Feb 3, 2026, 1:24:11 AM"
ETH,Staking reward,0.0003022,,,,"Feb 4, 2026, 1:22:12 AM"
ADA,Staking reward,1.443803,,,,"Feb 4, 2026, 6:11:24 AM"
ETH,Staking reward,0.00048297,,,,"Feb 5, 2026, 1:31:58 AM"
ETH,Staking reward,0.00053884,,,,"Feb 6, 2026, 12:55:27 AM"
ETH,Staking reward,0.00000789,,,,"Feb 7, 2026, 1:04:54 AM"
ETH,Staking reward,0.00000564,,,,"Feb 8, 2026, 1:09:18 AM"
ETH,Staking reward,0.0000011,,,,"Feb 9, 2026, 1:05:45 AM"
ADA,Staking reward,1.479719,,,,"Feb 9, 2026, 11:38:06 AM"
ETH,Staking reward,0.00000268,,,,"Feb 10, 2026, 12:40:38 AM"
SOL,Staking reward,0.002769,,,,"Feb 10, 2026, 1:33:14 AM"
ETH,Staking reward,0.00001903,,,,"Feb 11, 2026, 2:10:43 AM"
SOL,Staking reward,0.001933,,,,"Feb 11, 2026, 3:32:33 PM"
SOL,Staking reward,0.002778,,,,"Feb 11, 2026, 11:24:23 PM"
ETH,Staking reward,0.00028582,,,,"Feb 12, 2026, 1:17:14 AM"
ETH,Staking reward,0.00035044,,,,"Feb 13, 2026, 1:07:30 AM"
ETH,Staking reward,0.00040808,,,,"Feb 14, 2026, 1:15:58 AM"
ETH,Staking reward,0.00002122,,,,"Feb 15, 2026, 1:08:11 AM"
ETH,Staking reward,0.00000376,,,,"Feb 16, 2026, 1:11:45 AM"
SOL,Staking reward,0.002758,,,,"Feb 16, 2026, 8:04:30 AM"
SOL,Staking reward,0.002766,,,,"Feb 16, 2026, 8:28:54 AM"
ADA,Staking reward,1.544638,,,,"Feb 16, 2026, 10:00:42 AM"
ETH,Staking reward,0.00000098,,,,"Feb 17, 2026, 12:55:06 AM"
SOL,Staking reward,0.002766,,,,"Feb 17, 2026, 9:36:23 PM"
ETH,Staking reward,0.00002396,,,,"Feb 18, 2026, 1:10:12 AM"
SOL,Staking reward,0.001809,,,,"Feb 18, 2026, 1:42:35 PM"
ETH,Staking reward,0.0000077,,,,"Feb 19, 2026, 1:05:00 AM"
ADA,Staking reward,1.523749,,,,"Feb 19, 2026, 4:03:21 AM"
SOL,Staking reward,0.002758,,,,"Feb 20, 2026, 8:11:21 PM"
ETH,Staking reward,0.0000084,,,,"Feb 20, 2026, 10:22:41 PM"
ETH,Staking reward,0.00030612,,,,"Feb 21, 2026, 1:06:05 AM"
ETH,Staking reward,0.00040588,,,,"Feb 22, 2026, 1:14:13 AM"
ETH,Staking reward,0.00018157,,,,"Feb 23, 2026, 1:16:38 AM"
SOL,Staking reward,0.002766,,,,"Feb 23, 2026, 7:10:01 AM"
SOL,Staking reward,0.002647,,,,"Feb 23, 2026, 6:19:04 PM"
ETH,Staking reward,0.00000191,,,,"Feb 24, 2026, 1:06:27 AM"
ADA,Staking reward,1.481458,,,,"Feb 24, 2026, 4:18:38 AM"
ETH,Staking reward,0.00000594,,,,"Feb 25, 2026, 1:09:25 AM"
SOL,Staking reward,0.001608,,,,"Feb 25, 2026, 2:31:38 PM"
SOL,Staking reward,0.002762,,,,"Feb 25, 2026, 5:09:00 PM"
ETH,Staking reward,0.00000294,,,,"Feb 26, 2026, 1:40:16 AM"
ETH,Staking reward,0.00000977,,,,"Feb 27, 2026, 1:23:19 AM"
SOL,Staking reward,0.002778,,,,"Feb 27, 2026, 5:04:01 PM"
ETH,Staking reward,0.0000073,,,,"Feb 28, 2026, 1:05:53 AM"
ETH,Staking reward,0.00019393,,,,"Mar 1, 2026, 1:20:00 AM"
ETH,Staking reward,0.00037645,,,,"Mar 2, 2026, 1:09:10 AM"
SOL,Staking reward,0.002748,,,,"Mar 2, 2026, 6:41:06 AM"
ADA,Staking reward,1.421904,,,,"Mar 2, 2026, 1:57:55 PM"
ETH,Staking reward,0.00029376,,,,"Mar 3, 2026, 1:02:51 AM"
SOL,Staking reward,0.002744,,,,"Mar 3, 2026, 4:50:44 PM"
ETH,Staking reward,0.00000394,,,,"Mar 4, 2026, 1:14:55 AM"
SOL,Staking reward,0.002325,,,,"Mar 4, 2026, 2:11:54 PM"
ETH,Staking reward,0.0000017,,,,"Mar 5, 2026, 1:49:44 AM"
SOL,Staking reward,0.002724,,,,"Mar 5, 2026, 2:51:45 PM"
ETH,Staking reward,0.00002315,,,,"Mar 6, 2026, 1:34:57 AM"
ADA,Staking reward,1.305755,,,,"Mar 6, 2026, 3:47:05 AM"
ETH,Staking reward,0.00000298,,,,"Mar 7, 2026, 1:33:09 AM"
ETH,Staking reward,0.00000205,,,,"Mar 8, 2026, 1:33:54 AM"
ETH,Staking reward,0.00012893,,,,"Mar 9, 2026, 1:34:14 AM"
SOL,Staking reward,0.002794,,,,"Mar 9, 2026, 7:04:39 AM"
SOL,Staking reward,0.002743,,,,"Mar 9, 2026, 1:36:13 PM"
ETH,Staking reward,0.0003617,,,,"Mar 10, 2026, 1:39:03 AM"
ETH,Staking reward,0.00034013,,,,"Mar 11, 2026, 1:06:57 AM"
ADA,Staking reward,1.487146,,,,"Mar 11, 2026, 5:43:23 AM"
SOL,Staking reward,0.002742,,,,"Mar 11, 2026, 12:57:18 PM"
SOL,Staking reward,0.001535,,,,"Mar 11, 2026, 3:13:18 PM"
ETH,Staking reward,0.00000509,,,,"Mar 12, 2026, 1:32:43 AM"
ETH,Staking reward,0.00000364,,,,"Mar 13, 2026, 1:22:57 AM"
SOL,Staking reward,0.002732,,,,"Mar 13, 2026, 11:21:35 AM"
ETH,Staking reward,0.0000018,,,,"Mar 14, 2026, 2:34:24 AM"
ETH,Staking reward,0.00000621,,,,"Mar 15, 2026, 1:11:46 AM"
ETH,Staking reward,0.00000216,,,,"Mar 16, 2026, 1:44:34 AM"
SOL,Staking reward,0.002728,,,,"Mar 16, 2026, 6:41:34 AM"
ADA,Staking reward,1.327479,,,,"Mar 16, 2026, 4:55:15 PM"
ETH,Staking reward,0.00006529,,,,"Mar 17, 2026, 1:22:59 AM"
SOL,Staking reward,0.002724,,,,"Mar 17, 2026, 9:56:48 AM"
ETH,Staking reward,0.00028852,,,,"Mar 18, 2026, 1:08:46 AM"
SOL,Staking reward,0.001853,,,,"Mar 18, 2026, 2:35:45 PM"
ETH,Staking reward,0.00030559,,,,"Mar 19, 2026, 1:16:21 AM"
SOL,Staking reward,0.002716,,,,"Mar 19, 2026, 9:01:47 AM"
ETH,Staking reward,0.00008788,,,,"Mar 20, 2026, 1:15:59 AM"
ETH,Staking reward,0.00000373,,,,"Mar 21, 2026, 1:28:16 AM"
ETH,Staking reward,0.00000185,,,,"Mar 22, 2026, 1:20:01 AM"
ETH,Staking reward,0.00001041,,,,"Mar 23, 2026, 1:25:50 AM"
SOL,Staking reward,0.003671,,,,"Mar 23, 2026, 6:30:12 AM"
SOL,Staking reward,0.002715,,,,"Mar 23, 2026, 8:39:18 AM"
ADA,Staking reward,1.173472,,,,"Mar 23, 2026, 3:50:20 PM"
ETH,Staking reward,0.00000313,,,,"Mar 24, 2026, 1:21:38 AM"
ETH,Staking reward,0.00000308,,,,"Mar 25, 2026, 1:41:25 AM"
SOL,Staking reward,0.002735,,,,"Mar 25, 2026, 6:56:55 AM"
SOL,Staking reward,0.001885,,,,"Mar 25, 2026, 1:34:40 PM"
ETH,Staking reward,0.00026533,,,,"Mar 26, 2026, 1:35:38 AM"
ADA,Staking reward,1.463135,,,,"Mar 26, 2026, 4:13:48 AM"
ETH,Staking reward,0.00029156,,,,"Mar 27, 2026, 1:25:33 AM"
SOL,Staking reward,0.002703,,,,"Mar 27, 2026, 6:00:38 AM"
ETH,Staking reward,0.00013611,,,,"Mar 28, 2026, 1:41:03 AM"
ETH,Staking reward,0.0000016,,,,"Mar 29, 2026, 1:46:05 AM"
ETH,Staking reward,0.00000208,,,,"Mar 30, 2026, 2:39:02 AM"
SOL,Staking reward,0.00267,,,,"Mar 30, 2026, 7:30:11 AM"
ETH,Staking reward,0.00000671,,,,"Mar 31, 2026, 2:24:07 AM"
SOL,Staking reward,0.002701,,,,"Mar 31, 2026, 6:20:23 AM"
ADA,Staking reward,1.53984,,,,"Mar 31, 2026, 7:31:50 AM"
ETH,Staking reward,0.00001242,,,,"Apr 1, 2026, 2:49:08 AM"
SOL,Staking reward,0.001827,,,,"Apr 1, 2026, 1:29:28 PM"
ETH,Staking reward,0.00000223,,,,"Apr 2, 2026, 2:49:55 AM"
SOL,Staking reward,0.00271,,,,"Apr 2, 2026, 4:07:12 AM"
ETH,Staking reward,0.00020944,,,,"Apr 3, 2026, 2:07:20 AM"
ETH,Staking reward,0.0003081,,,,"Apr 4, 2026, 2:06:13 AM"
ETH,Staking reward,0.00013879,,,,"Apr 5, 2026, 2:05:28 AM"
ETH,Staking reward,0.00000169,,,,"Apr 6, 2026, 1:59:06 AM"
SOL,Staking reward,0.002731,,,,"Apr 6, 2026, 7:31:05 AM"
SOL,Staking reward,0.002721,,,,"Apr 6, 2026, 9:56:19 AM"
ADA,Staking reward,1.406117,,,,"Apr 6, 2026, 1:52:12 PM"
ETH,Staking reward,0.00000787,,,,"Apr 7, 2026, 2:05:38 AM"
SOL,Staking reward,0.002704,,,,"Apr 8, 2026, 1:27:12 AM"
ETH,Staking reward,0.00001777,,,,"Apr 8, 2026, 2:03:35 AM"
SOL,Staking reward,0.002081,,,,"Apr 8, 2026, 3:33:26 PM"
ETH,Staking reward,0.00000119,,,,"Apr 9, 2026, 2:10:21 AM"
SOL,Staking reward,0.002713,,,,"Apr 10, 2026, 12:55:40 AM"
ETH,Staking reward,0.00000105,,,,"Apr 10, 2026, 2:38:41 AM"
ADA,Staking reward,1.555468,,,,"Apr 10, 2026, 6:27:11 AM"
ETH,Staking reward,0.00022071,,,,"Apr 11, 2026, 2:20:02 AM"
ETH,Staking reward,0.00027008,,,,"Apr 12, 2026, 2:21:34 AM"
ETH,Staking reward,0.00012168,,,,"Apr 13, 2026, 2:14:48 AM"
SOL,Staking reward,0.002711,,,,"Apr 13, 2026, 7:40:03 AM"
SOL,Staking reward,0.002709,,,,"Apr 13, 2026, 11:42:26 PM"
ETH,Staking reward,0.00000328,,,,"Apr 14, 2026, 2:04:38 AM"
ETH,Staking reward,0.00000522,,,,"Apr 15, 2026, 2:13:37 AM"
ADA,Staking reward,1.717659,,,,"Apr 15, 2026, 4:35:43 AM"
SOL,Staking reward,0.001223,,,,"Apr 15, 2026, 1:54:11 PM"
SOL,Staking reward,0.002706,,,,"Apr 15, 2026, 10:56:09 PM"
ETH,Staking reward,0.00000309,,,,"Apr 16, 2026, 2:24:31 AM"
ETH,Staking reward,0.00000283,,,,"Apr 17, 2026, 2:42:09 AM"
ETH,Staking reward,0.00000748,,,,"Apr 18, 2026, 2:29:11 AM"
SOL,Staking reward,0.002707,,,,"Apr 20, 2026, 7:44:37 AM"
ADA,Staking reward,1.527089,,,,"Apr 20, 2026, 3:20:16 PM"
ETH,Staking reward,0.00000232,,,,"Apr 21, 2026, 1:13:17 PM"
SOL,Staking reward,0.002694,,,,"Apr 21, 2026, 4:25:49 PM"
ETH,Staking reward,0.00008128,,,,"Apr 21, 2026, 4:29:51 PM"
ETH,Staking reward,0.00001124,,,,"Apr 21, 2026, 7:10:39 PM"
SOL,Staking reward,0.002689,,,,"Apr 21, 2026, 9:36:35 PM"
ETH,Staking reward,0.00008773,,,,"Apr 22, 2026, 2:05:39 AM"
SOL,Staking reward,0.001324,,,,"Apr 22, 2026, 1:45:45 PM"
ETH,Staking reward,0.00002062,,,,"Apr 23, 2026, 2:06:24 AM"
SOL,Staking reward,0.002698,,,,"Apr 23, 2026, 10:07:20 PM"
ETH,Staking reward,0.00006773,,,,"Apr 24, 2026, 2:29:16 AM"
ETH,Staking reward,0.00090374,,,,"Apr 25, 2026, 1:40:53 AM"
ETH,Staking reward,0.00003435,,,,"Apr 26, 2026, 1:43:48 AM"
ETH,Staking reward,0.00027581,,,,"Apr 27, 2026, 2:38:56 AM"
SOL,Staking reward,0.002701,,,,"Apr 27, 2026, 7:47:08 AM"
ADA,Staking reward,1.350788,,,,"Apr 27, 2026, 4:52:50 PM"
SOL,Staking reward,0.002679,,,,"Apr 27, 2026, 9:00:14 PM"
ETH,Staking reward,0.00032004,,,,"Apr 28, 2026, 2:07:00 AM"
ETH,Staking reward,0.00022183,,,,"Apr 29, 2026, 1:59:17 AM"
SOL,Staking reward,0.001103,,,,"Apr 29, 2026, 3:27:50 PM"
SOL,Staking reward,0.002682,,,,"Apr 29, 2026, 7:43:52 PM"
ETH,Staking reward,0.00001219,,,,"Apr 30, 2026, 2:20:35 AM"
ADA,Staking reward,1.119557,,,,"Apr 30, 2026, 8:16:11 AM"
ETH,Staking reward,0.00000658,,,,"May 1, 2026, 1:54:08 AM"
SOL,Staking reward,0.002683,,,,"May 1, 2026, 8:33:17 PM"
ETH,Staking reward,0.00000671,,,,"May 2, 2026, 2:10:48 AM"
ETH,Staking reward,0.00000365,,,,"May 3, 2026, 2:47:30 AM"
ETH,Staking reward,0.00005264,,,,"May 4, 2026, 1:51:21 AM"
SOL,Staking reward,0.002689,,,,"May 4, 2026, 7:32:32 AM"
ETH,Staking reward,0.00028912,,,,"May 5, 2026, 2:09:32 AM"
ADA,Staking reward,1.264127,,,,"May 5, 2026, 4:52:19 AM"
SOL,Staking reward,0.002686,,,,"May 5, 2026, 7:37:34 PM"
ETH,Staking reward,0.00031233,,,,"May 6, 2026, 2:06:10 AM"
SOL,Staking reward,0.001802,,,,"May 6, 2026, 4:05:21 PM"
ETH,Staking reward,0.00027474,,,,"May 7, 2026, 1:46:10 AM"
SOL,Staking reward,0.002692,,,,"May 7, 2026, 5:59:40 PM"
ETH,Staking reward,0.00002282,,,,"May 8, 2026, 1:48:59 AM"
ETH,Staking reward,0.00001584,,,,"May 9, 2026, 2:24:44 AM"
ETH,Staking reward,0.00000534,,,,"May 10, 2026, 1:58:54 AM"
ETH,Staking reward,0.00001008,,,,"May 11, 2026, 2:20:41 AM"
SOL,Staking reward,0.002689,,,,"May 11, 2026, 9:35:33 AM"
ADA,Staking reward,1.446919,,,,"May 11, 2026, 3:29:33 PM"
SOL,Staking reward,0.002686,,,,"May 11, 2026, 6:28:07 PM"
ETH,Staking reward,0.00009646,,,,"May 12, 2026, 2:49:39 AM"
ETH,Staking reward,0.00028223,,,,"May 13, 2026, 2:25:37 AM"
SOL,Staking reward,0.001316,,,,"May 13, 2026, 1:54:40 PM"
SOL,Staking reward,0.002683,,,,"May 13, 2026, 8:10:59 PM"
ETH,Staking reward,0.00060512,,,,"May 14, 2026, 2:00:20 AM"
ETH,Staking reward,0.00000624,,,,"May 15, 2026, 2:33:30 AM"
ADA,Staking reward,1.417223,,,,"May 15, 2026, 8:05:40 AM"
SOL,Staking reward,0.002674,,,,"May 15, 2026, 8:09:31 PM"
ETH,Staking reward,0.00000897,,,,"May 16, 2026, 2:48:15 AM"
ETH,Staking reward,0.00000374,,,,"May 17, 2026, 2:09:58 AM"
ETH,Staking reward,0.00000255,,,,"May 18, 2026, 2:19:56 AM"
SOL,Staking reward,0.00267,,,,"May 18, 2026, 9:47:15 AM"
ETH,Staking reward,0.00014266,,,,"May 19, 2026, 1:49:58 AM"
SOL,Staking reward,0.00267,,,,"May 19, 2026, 7:55:38 PM"
ETH,Staking reward,0.00021796,,,,"May 20, 2026, 2:38:13 AM"
ADA,Staking reward,1.448322,,,,"May 20, 2026, 7:48:26 AM"
SOL,Staking reward,0.00172,,,,"May 20, 2026, 2:38:35 PM"
ETH,Staking reward,0.00027436,,,,"May 21, 2026, 2:40:08 AM"
SOL,Staking reward,0.002663,,,,"May 21, 2026, 9:36:30 PM"
ETH,Staking reward,0.00047814,,,,"May 22, 2026, 2:05:23 AM"
ETH,Staking reward,0.00000433,,,,"May 23, 2026, 2:26:03 AM"
ETH,Staking reward,0.00000313,,,,"May 24, 2026, 2:48:04 AM"
ETH,Staking reward,0.00001285,,,,"May 25, 2026, 2:26:05 AM"
SOL,Staking reward,0.00269,,,,"May 25, 2026, 9:00:28 AM"
ADA,Staking reward,1.468841,,,,"May 25, 2026, 12:46:48 PM"
SOL,Staking reward,0.002658,,,,"May 25, 2026, 7:42:46 PM"
ETH,Staking reward,0.00000396,,,,"May 26, 2026, 2:04:49 AM"
ETH,Staking reward,0.00003533,,,,"May 27, 2026, 2:26:32 AM"
SOL,Staking reward,0.001137,,,,"May 27, 2026, 3:41:58 PM"
SOL,Staking reward,0.002668,,,,"May 27, 2026, 7:13:49 PM"
ETH,Staking reward,0.00028397,,,,"May 28, 2026, 1:57:31 AM"
ETH,Staking reward,0.00028668,,,,"May 29, 2026, 2:13:14 AM"
SOL,Staking reward,0.00266,,,,"May 29, 2026, 7:23:07 PM"
ETH,Staking reward,0.00041882,,,,"May 30, 2026, 2:51:13 AM"
ETH,Staking reward,0.00000586,,,,"May 31, 2026, 2:28:23 AM"
ETH,Staking reward,0.00000292,,,,"Jun 1, 2026, 2:41:40 AM"
SOL,Staking reward,0.00266,,,,"Jun 1, 2026, 8:54:01 AM"
ADA,Staking reward,1.402775,,,,"Jun 1, 2026, 3:43:29 PM"
ETH,Staking reward,0.00000334,,,,"Jun 2, 2026, 2:43:20 AM"
SOL,Staking reward,0.002665,,,,"Jun 2, 2026, 6:26:03 PM"
ETH,Staking reward,0.00000615,,,,"Jun 3, 2026, 2:22:03 AM"
SOL,Staking reward,0.001545,,,,"Jun 3, 2026, 3:01:29 PM"
ETH,Staking reward,0.00014796,,,,"Jun 4, 2026, 3:05:39 AM"
ADA,Staking reward,1.403372,,,,"Jun 4, 2026, 7:49:44 AM"
SOL,Staking reward,0.002661,,,,"Jun 4, 2026, 5:22:15 PM"
ETH,Staking reward,0.00036796,,,,"Jun 5, 2026, 2:21:56 AM"
ETH,Staking reward,0.00088307,,,,"Jun 6, 2026, 2:02:11 AM"
ETH,Staking reward,0.00010996,,,,"Jun 7, 2026, 2:53:34 AM"
ETH,Staking reward,0.00000494,,,,"Jun 8, 2026, 2:21:44 AM"
SOL,Staking reward,0.003504,,,,"Jun 8, 2026, 9:24:57 AM"
SOL,Staking reward,0.003515,,,,"Jun 8, 2026, 4:54:57 PM"
ETH,Staking reward,0.00000599,,,,"Jun 9, 2026, 1:56:40 AM"
ADA,Staking reward,1.441704,,,,"Jun 9, 2026, 7:39:34 AM"
ETH,Staking reward,0.00000586,,,,"Jun 10, 2026, 2:50:26 AM"
SOL,Staking reward,0.001296,,,,"Jun 10, 2026, 3:28:50 PM"
SOL,Staking reward,0.003524,,,,"Jun 10, 2026, 7:05:55 PM"
ETH,Staking reward,0.00000571,,,,"Jun 11, 2026, 3:05:02 AM"
ETH,Staking reward,0.00033275,,,,"Jun 12, 2026, 2:26:12 AM"
SOL,Staking reward,0.003509,,,,"Jun 12, 2026, 4:57:01 PM"
ETH,Staking reward,0.00036483,,,,"Jun 13, 2026, 4:00:28 AM"
ETH,Staking reward,0.00077539,,,,"Jun 14, 2026, 3:15:40 AM"
ETH,Staking reward,0.00000588,,,,"Jun 15, 2026, 2:51:36 AM"
SOL,Staking reward,0.003501,,,,"Jun 15, 2026, 8:51:05 AM"
ADA,Staking reward,1.402573,,,,"Jun 15, 2026, 11:05:19 AM"
ETH,Staking reward,0.00001041,,,,"Jun 16, 2026, 2:51:54 AM"
SOL,Staking reward,0.003502,,,,"Jun 16, 2026, 5:15:03 PM"
ETH,Staking reward,0.0000073,,,,"Jun 17, 2026, 2:43:50 AM"
SOL,Staking reward,0.00171,,,,"Jun 17, 2026, 2:48:27 PM"
ETH,Staking reward,0.00001006,,,,"Jun 18, 2026, 1:59:15 AM"
SOL,Staking reward,0.003504,,,,"Jun 18, 2026, 3:37:32 PM"
ETH,Staking reward,0.00008761,,,,"Jun 19, 2026, 2:43:13 AM"
ADA,Staking reward,1.520799,,,,"Jun 19, 2026, 6:41:45 AM"
ETH,Staking reward,0.00037977,,,,"Jun 20, 2026, 2:39:16 AM"
ETH,Staking reward,0.00061211,,,,"Jun 21, 2026, 2:18:10 AM"
ETH,Staking reward,0.00037133,,,,"Jun 22, 2026, 2:57:59 AM"
SOL,Staking reward,0.003497,,,,"Jun 22, 2026, 8:46:35 AM"
SOL,Staking reward,0.003488,,,,"Jun 22, 2026, 2:44:44 PM"
ETH,Staking reward,0.00000518,,,,"Jun 23, 2026, 2:40:26 AM"
ETH,Staking reward,0.00000481,,,,"Jun 24, 2026, 2:22:28 AM"
ADA,Staking reward,1.63707,,,,"Jun 24, 2026, 7:21:48 AM"
SOL,Staking reward,0.003491,,,,"Jun 24, 2026, 2:52:06 PM"
SOL,Staking reward,0.001373,,,,"Jun 24, 2026, 6:59:26 PM"
ETH,Staking reward,0.00000718,,,,"Jun 25, 2026, 3:31:49 AM"
ETH,Staking reward,0.00000873,,,,"Jun 26, 2026, 2:53:07 AM"
SOL,Staking reward,0.003496,,,,"Jun 26, 2026, 3:20:42 PM"
ETH,Staking reward,0.00024843,,,,"Jun 27, 2026, 2:37:19 AM"
ETH,Staking reward,0.00039015,,,,"Jun 28, 2026, 3:29:23 AM"
ETH,Staking reward,0.00077771,,,,"Jun 29, 2026, 3:00:07 AM"
ETH,Staking reward,0.00001501,,,,"Jun 30, 2026, 12:43:30 PM"
SOL,Staking reward,0.003478,,,,"Jun 30, 2026, 12:45:58 PM"
SOL,Staking reward,0.003478,,,,"Jun 30, 2026, 5:08:11 PM"
ADA,Staking reward,1.350971,,,,"Jun 30, 2026, 6:14:38 PM"
ETH,Staking reward,0.00001221,,,,"Jul 1, 2026, 3:46:35 AM"
SOL,Staking reward,0.001813,,,,"Jul 1, 2026, 4:39:16 PM"
ETH,Staking reward,0.00001055,,,,"Jul 2, 2026, 2:45:29 AM"
ETH,Staking reward,0.00000736,,,,"Jul 3, 2026, 2:15:07 AM"
SOL,Staking reward,0.003481,,,,"Jul 6, 2026, 1:10:39 PM"
ADA,Staking reward,1.509308,,,,"Jul 6, 2026, 1:15:31 PM"
ETH,Staking reward,0.00005899,,,,"Jul 6, 2026, 6:14:41 PM"
SOL,Staking reward,0.00348,,,,"Jul 6, 2026, 6:16:20 PM"
ETH,Staking reward,0.00037093,,,,"Jul 6, 2026, 8:24:26 PM"
SOL,Staking reward,0.003457,,,,"Jul 6, 2026, 8:41:36 PM"
ETH,Staking reward,0.00048774,,,,"Jul 6, 2026, 11:54:38 PM"
ETH,Staking reward,0.00050336,,,,"Jul 7, 2026, 3:25:32 AM"
ETH,Staking reward,0.00000666,,,,"Jul 8, 2026, 2:56:36 AM"
SOL,Staking reward,0.001948,,,,"Jul 8, 2026, 3:19:54 PM"
SOL,Staking reward,0.003457,,,,"Jul 8, 2026, 8:33:05 PM"
ETH,Staking reward,0.00000192,,,,"Jul 9, 2026, 2:42:56 AM"
ADA,Staking reward,1.425994,,,,"Jul 9, 2026, 8:04:28 AM"
ETH,Staking reward,0.00000826,,,,"Jul 10, 2026, 3:09:51 AM"
SOL,Staking reward,0.003463,,,,"Jul 10, 2026, 5:46:29 PM"
ETH,Staking reward,0.00000799,,,,"Jul 11, 2026, 3:09:47 AM"
ETH,Staking reward,0.00020801,,,,"Jul 12, 2026, 2:59:49 AM"
ETH,Staking reward,0.00038605,,,,"Jul 13, 2026, 2:50:09 AM"
SOL,Staking reward,0.003466,,,,"Jul 13, 2026, 7:52:08 AM"
ETH,Staking reward,0.00078508,,,,"Jul 14, 2026, 3:38:10 AM"
ADA,Staking reward,1.350814,,,,"Jul 14, 2026, 8:50:25 AM"
SOL,Staking reward,0.00346,,,,"Jul 14, 2026, 8:03:28 PM"
ETH,Staking reward,0.00000343,,,,"Jul 15, 2026, 3:25:45 AM"
SOL,Staking reward,0.002118,,,,"Jul 15, 2026, 1:55:31 PM"
ETH,Staking reward,0.00000516,,,,"Jul 16, 2026, 3:46:14 AM"
SOL,Staking reward,0.003483,,,,"Jul 16, 2026, 9:49:58 PM"
ETH,Staking reward,0.00001418,,,,"Jul 17, 2026, 2:58:35 AM"
ETH,Staking reward,0.00000526,,,,"Jul 18, 2026, 3:31:38 AM"
ETH,Staking reward,0.00000229,,,,"Jul 19, 2026, 3:14:25 AM"
ETH,Staking reward,0.00039789,,,,"Jul 20, 2026, 3:06:38 AM"
SOL,Staking reward,0.003484,,,,"Jul 20, 2026, 8:36:01 AM"
ADA,Staking reward,1.495221,,,,"Jul 20, 2026, 2:18:46 PM"
SOL,Staking reward,0.003469,,,,"Jul 21, 2026, 2:12:23 AM"
ETH,Staking reward,0.00044539,,,,"Jul 21, 2026, 3:27:12 AM"
ETH,Staking reward,0.00080304,,,,"Jul 22, 2026, 9:40:06 AM"
SOL,Staking reward,0.001506,,,,"Jul 22, 2026, 2:44:27 PM"
ETH,Staking reward,0.00000752,,,,"Jul 23, 2026, 3:24:42 AM"
SOL,Staking reward,0.003477,,,,"Jul 23, 2026, 4:23:07 AM"
ETH,Staking reward,0.00000394,,,,"Jul 24, 2026, 3:35:19 AM"
ADA,Staking reward,1.298291,,,,"Jul 24, 2026, 4:43:05 AM"
ETH,Staking reward,0.00000344,,,,"Jul 25, 2026, 3:43:21 AM"
ETH,Staking reward,0.0000054,,,,"Jul 26, 2026, 3:30:56 AM"
ETH,Staking reward,0.00027653,,,,"Jul 27, 2026, 3:29:14 AM"
SOL,Staking reward,0.003423,,,,"Jul 27, 2026, 7:59:18 AM"
SOL,Staking reward,0.003471,,,,"Jul 27, 2026, 11:09:40 AM"
ETH,Staking reward,0.00043877,,,,"Jul 28, 2026, 3:05:42 AM"
ETH,Staking reward,0.00090939,,,,"Jul 29, 2026, 2:44:59 AM"
SOL,Staking reward,0.003459,,,,"Jul 29, 2026, 11:56:22 AM"
SOL,Staking reward,0.001492,,,,"Jul 29, 2026, 4:29:01 PM"
ADA,Staking reward,1.283715,,,,"Jul 29, 2026, 8:49:13 PM"
ETH,Staking reward,0.00001041,,,,"Jul 30, 2026, 3:24:49 AM"
ETH,Staking reward,0.00001031,,,,"Jul 31, 2026, 10:19:45 AM"
SOL,Staking reward,0.003459,,,,"Jul 31, 2026, 2:56:32 PM"
ETH,Staking reward,0.00000703,,,,"Aug 1, 2026, 3:10:34 AM"
ETH,Staking reward,0.00001386,,,,"Aug 2, 2026, 3:16:01 AM"
ETH,Staking reward,0.00005708,,,,"Aug 3, 2026, 3:23:54 AM"
SOL,Staking reward,0.003419,,,,"Aug 3, 2026, 8:09:28 AM"
ADA,Staking reward,1.363227,,,,"Aug 3, 2026, 3:57:33 PM"
ETH,Staking reward,0.00042222,,,,"Aug 4, 2026, 2:53:17 AM"
SOL,Staking reward,0.003424,,,,"Aug 4, 2026, 8:14:15 PM"
ETH,Staking reward,0.00054937,,,,"Aug 5, 2026, 3:27:38 AM"
SOL,Staking reward,0.002159,,,,"Aug 5, 2026, 1:00:02 PM"
ETH,Staking reward,0.00068615,,,,"Aug 6, 2026, 3:22:18 AM"
